beta,tau,mcrit,m_front,width,finite,valid,tau_onset,delta_tau_from_onset,abs_offset
0.5,0.0,-0.34499999999999975,,,False,False,0.2,-0.2,
0.5,0.05,-0.41000000000000014,,,False,False,0.2,-0.15000000000000002,
0.5,0.1,-0.41000000000000014,,,False,False,0.2,-0.1,
0.5,0.15000000000000002,-0.41000000000000014,,,False,False,0.2,-0.04999999999999999,
0.5,0.2,-0.41000000000000014,-2.019567610888209,0.7528781376574684,True,False,0.2,0.0,1.6095676108882087
0.5,0.25,-0.41000000000000014,-2.0146336224156265,0.7432179698091299,True,False,0.2,0.04999999999999999,1.6046336224156263
0.5,0.30000000000000004,-0.47499999999999964,-2.0497288032216368,0.7488880952186325,True,False,0.2,0.10000000000000003,1.574728803221637
0.5,0.35000000000000003,-0.47499999999999964,-2.0381729705179366,0.736823529336097,True,False,0.2,0.15000000000000002,1.563172970517937
0.5,0.4,-0.47499999999999964,-2.0234760481688725,0.7244254687649165,True,False,0.2,0.2,1.5484760481688729
0.5,0.45,-0.47499999999999964,-2.005928539324383,0.7120449513438293,True,False,0.2,0.25,1.5309285393243832
0.5,0.5,-0.54,-2.021563309710835,0.7152821909002212,True,False,0.2,0.3,1.4815633097108352
0.5,0.55,-0.54,-1.9980811600492405,0.7030529694776858,True,False,0.2,0.35000000000000003,1.4580811600492405
0.5,0.6000000000000001,-0.54,-1.9736037565386504,0.6915376536728335,True,False,0.2,0.4000000000000001,1.4336037565386504
0.5,0.65,-0.54,-1.9488440645218645,0.6808855996150434,True,False,0.2,0.45,1.4088440645218645
0.5,0.7000000000000001,-0.6049999999999995,-1.952558141890701,0.6845690025033437,True,False,0.2,0.5,1.3475581418907014
0.5,0.75,-0.6049999999999995,-1.9281229157357922,0.6757348849268482,True,False,0.2,0.55,1.3231229157357927
0.5,0.8,-0.6049999999999995,-1.9056872883987213,0.6682392508489465,True,False,0.2,0.6000000000000001,1.3006872883987217
0.5,0.8500000000000001,-0.6699999999999999,-1.9102561059197467,0.6749696204880645,True,False,0.2,0.6500000000000001,1.2402561059197468
0.5,0.9,-0.6699999999999999,-1.8933305455256282,0.6704892097940646,True,False,0.2,0.7,1.2233305455256283
0.5,0.9500000000000001,-0.7349999999999994,-1.9037645898053561,0.6807959970731274,True,False,0.2,0.75,1.1687645898053567
0.5,1.0,-0.7349999999999994,-1.8956900872964935,0.680125760120094,True,False,0.2,0.8,1.160690087296494
0.5,1.05,-0.7999999999999998,-1.916472813632412,0.6951283174536743,True,False,0.2,0.8500000000000001,1.1164728136324122
0.5,1.1,-0.7999999999999998,-1.9196009945927537,0.6986287022279667,True,False,0.2,0.9000000000000001,1.1196009945927539
0.5,1.1500000000000001,-0.8650000000000002,-1.9536970699230947,0.7191436335485991,True,False,0.2,0.9500000000000002,1.0886970699230945
0.5,1.2000000000000002,-0.8650000000000002,-1.9685077960777064,0.7261128615876593,True,False,0.2,1.0000000000000002,1.1035077960777062
0.5,1.25,-0.9299999999999997,-2.016025927273215,0.7509593069106332,True,False,0.2,1.05,1.0860259272732153
0.5,1.3,-0.9950000000000001,-2.069830617154634,0.7776875157827148,True,False,0.2,1.1,1.074830617154634
0.5,1.35,-0.9950000000000001,-2.0979636345256982,0.7861676535841541,True,False,0.2,1.1500000000000001,1.1029636345256981
0.5,1.4000000000000001,-1.0599999999999996,-2.15907093615047,0.813104235011192,True,False,0.2,1.2000000000000002,1.0990709361504702
0.5,1.4500000000000002,-1.125,-2.2222747380472927,0.8399792185421593,True,False,0.2,1.2500000000000002,1.0972747380472927
0.5,1.5,-1.1899999999999995,-2.2861285569276353,0.8654589374867673,True,False,0.2,1.3,1.0961285569276358
0.5,1.55,-1.1899999999999995,-2.31590128688503,0.8676221556674785,True,False,0.2,1.35,1.1259012868850307
0.5,1.6,-1.255,-2.379147539836012,0.8898506097680601,True,False,0.2,1.4000000000000001,1.1241475398360121
0.5,1.6500000000000001,-1.3200000000000003,-2.4432431341782612,0.9119168515282192,True,False,0.2,1.4500000000000002,1.123243134178261
0.5,1.7000000000000002,-1.3849999999999998,-2.508160965363209,0.9327587162704152,True,False,0.2,1.5000000000000002,1.1231609653632093
0.5,1.75,-1.4500000000000002,-2.5746324473398863,0.9532444126665901,True,False,0.2,1.55,1.124632447339886
0.5,1.8,-1.5149999999999997,-2.638028388193067,0.9703631893426287,True,False,0.2,1.6,1.1230283881930672
0.5,1.85,-1.6449999999999996,-2.71993851606212,0.9986970328964081,True,False,0.2,1.6500000000000001,1.0749385160621205
0.5,1.9000000000000001,-1.71,-2.776693766169146,1.0084104794808773,True,False,0.2,1.7000000000000002,1.0666937661691462
0.5,1.9500000000000002,-1.7749999999999995,-2.8347885126561723,1.0176998016722556,True,False,0.2,1.7500000000000002,1.0597885126561728
0.5,2.0,-1.8399999999999999,-2.894221519669293,1.026760054827545,True,True,0.2,1.8,1.054221519669293
0.5,2.0500000000000003,-1.9699999999999998,-2.9831997071977128,1.0529405129259382,True,True,0.2,1.8500000000000003,1.013199707197713
0.5,2.1,-2.0349999999999997,-3.0457689996608863,1.0610802646207176,True,True,0.2,1.9000000000000001,1.0107689996608866
0.5,2.15,-2.165,-3.1377104718387,1.0860724678054157,True,True,0.2,1.95,0.9727104718386999
0.5,2.2,-2.295,-3.2307620990719457,1.110355927989878,True,True,0.2,2.0,0.9357620990719457
0.5,2.25,-2.36,-3.296959278851395,1.117098874487534,True,True,0.2,2.05,0.9369592788513952
0.5,2.3000000000000003,-2.4899999999999998,-3.3931726717676085,1.140279153652951,True,True,0.2,2.1,0.9031726717676087
0.5,2.35,-2.62,-3.4908709828980538,1.1628227358285466,True,True,0.2,2.15,0.8708709828980536
0.5,2.4000000000000004,-2.75,-3.5881745992288803,1.185698075264809,True,True,0.2,2.2,0.8381745992288803
0.5,2.45,-2.88,-3.6854830924007342,1.2089242121586665,True,True,0.2,2.25,0.8054830924007343
0.5,2.5,-3.0749999999999997,-3.8126230383717727,1.236826702152616,True,True,0.2,2.3,0.737623038371773
0.5,2.5500000000000003,-3.205,-3.873552296239043,1.2101146142485308,True,True,0.2,2.35,0.6685522962390431
0.5,2.6,-3.4,-3.947041938914172,1.154645942994729,True,True,0.2,2.4,0.5470419389141723
0.5,2.6500000000000004,-3.53,-4.008913457618311,1.1014421411636799,True,True,0.2,2.45,0.47891345761831117
0.5,2.7,-3.725,-4.0892649596835176,1.0432205461345323,True,True,0.2,2.5,0.36426495968351746
0.5,2.75,-3.92,-4.169888325838169,1.0031046813321733,True,True,0.2,2.55,0.24988832583816922
0.5,2.8000000000000003,-4.115,-4.236497241696568,0.9702519193650488,True,True,0.2,2.6,0.12149724169656739
0.5,2.85,-4.3100000000000005,-4.306441781324369,0.940884590514994,True,True,0.2,2.65,0.0035582186756313305
0.5,2.9000000000000004,-4.57,-4.378344254093864,0.9148269965016346,True,True,0.2,2.7,0.19165574590613588
0.5,2.95,-4.765,-4.429816200412945,0.8202626945025958,True,True,0.2,2.75,0.335183799587055
0.5,3.0,-5.025,-4.506923403136415,0.7229361628028882,True,True,0.2,2.8,0.518076596863585
1.0,0.0,-0.34499999999999975,,,False,False,0.15000000000000002,-0.15000000000000002,
1.0,0.05,-0.41000000000000014,,,False,False,0.15000000000000002,-0.10000000000000002,
1.0,0.1,-0.41000000000000014,,,False,False,0.15000000000000002,-0.05000000000000002,
1.0,0.15000000000000002,-0.41000000000000014,-1.5099980841612588,0.6537250815321506,True,False,0.15000000000000002,0.0,1.0999980841612587
1.0,0.2,-0.41000000000000014,-1.5050491903731649,0.644272310985376,True,False,0.15000000000000002,0.04999999999999999,1.0950491903731647
1.0,0.25,-0.41000000000000014,-1.5029137625799276,0.6337562897335086,True,False,0.15000000000000002,0.09999999999999998,1.0929137625799275
1.0,0.30000000000000004,-0.47499999999999964,-1.5167939084538518,0.6319996638327147,True,False,0.15000000000000002,0.15000000000000002,1.0417939084538521
1.0,0.35000000000000003,-0.47499999999999964,-1.5174144819500583,0.6199423103795327,True,False,0.15000000000000002,0.2,1.0424144819500587
1.0,0.4,-0.47499999999999964,-1.518314841201883,0.6073694000885332,True,False,0.15000000000000002,0.25,1.0433148412018833
1.0,0.45,-0.47499999999999964,-1.5189848856734964,0.5945059245227302,True,False,0.15000000000000002,0.3,1.0439848856734968
1.0,0.5,-0.54,-1.5315864397328813,0.5882260685991798,True,False,0.15000000000000002,0.35,0.9915864397328813
1.0,0.55,-0.54,-1.5309574803705752,0.5747577247118049,True,False,0.15000000000000002,0.4,0.9909574803705752
1.0,0.6000000000000001,-0.54,-1.5300352152324481,0.5614888852791696,True,False,0.15000000000000002,0.45000000000000007,0.9900352152324481
1.0,0.65,-0.54,-1.5291367998776784,0.5485784717789787,True,False,0.15000000000000002,0.5,0.9891367998776783
1.0,0.7000000000000001,-0.6049999999999995,-1.5359302462793116,0.5426392443654197,True,False,0.15000000000000002,0.55,0.9309302462793121
1.0,0.75,-0.6049999999999995,-1.5358594040442066,0.5305429290265071,True,False,0.15000000000000002,0.6,0.9308594040442071
1.0,0.8,-0.6049999999999995,-1.537272814085736,0.5193412120098965,True,False,0.15000000000000002,0.65,0.9322728140857364
1.0,0.8500000000000001,-0.6699999999999999,-1.545546161443121,0.5145768988178664,True,False,0.15000000000000002,0.7000000000000001,0.875546161443121
1.0,0.9,-0.6699999999999999,-1.5513558127082545,0.5054375040401318,True,False,0.15000000000000002,0.75,0.8813558127082546
1.0,0.9500000000000001,-0.7349999999999994,-1.564038106579856,0.5026188655245509,True,False,0.15000000000000002,0.8,0.8290381065798567
1.0,1.0,-0.7349999999999994,-1.57678368585093,0.49635104204654124,True,False,0.15000000000000002,0.85,0.8417836858509307
1.0,1.05,-0.7999999999999998,-1.600046788460931,0.49458163288060836,True,False,0.15000000000000002,0.9,0.8000467884609312
1.0,1.1,-0.7999999999999998,-1.621943634717233,0.49150787237024673,True,False,0.15000000000000002,0.9500000000000001,0.8219436347172331
1.0,1.1500000000000001,-0.8650000000000002,-1.6518492128420088,0.4949675626759384,True,False,0.15000000000000002,1.0,0.7868492128420086
1.0,1.2000000000000002,-0.8650000000000002,-1.6837869800358938,0.494732416242527,True,False,0.15000000000000002,1.0500000000000003,0.8187869800358936
1.0,1.25,-0.9299999999999997,-1.7238752439489433,0.5008073206306134,True,False,0.15000000000000002,1.1,0.7938752439489436
1.0,1.3,-0.9950000000000001,-1.768355249060408,0.5075981182698309,True,False,0.15000000000000002,1.15,0.7733552490604079
1.0,1.35,-0.9950000000000001,-1.813634742782113,0.5089808930466121,True,False,0.15000000000000002,1.2000000000000002,0.8186347427821128
1.0,1.4000000000000001,-1.0599999999999996,-1.864908712237078,0.5155031100185553,True,False,0.15000000000000002,1.25,0.8049087122370784
1.0,1.4500000000000002,-1.125,-1.9211778087844975,0.5191728754089925,True,False,0.15000000000000002,1.3000000000000003,0.7961778087844975
1.0,1.5,-1.1899999999999995,-1.9752063142615128,0.5238978957859082,True,False,0.15000000000000002,1.35,0.7852063142615133
1.0,1.55,-1.1899999999999995,-2.027736988873021,0.5221175342823307,True,False,0.15000000000000002,1.4,0.8377369888730213
1.0,1.6,-1.255,-2.0832307238562326,0.5252767776576226,True,False,0.15000000000000002,1.4500000000000002,0.8282307238562328
1.0,1.6500000000000001,-1.3200000000000003,-2.1420390563308556,0.52632194604852,True,False,0.15000000000000002,1.5,0.8220390563308553
1.0,1.7000000000000002,-1.3849999999999998,-2.1992033364478427,0.5296014581233456,True,False,0.15000000000000002,1.5500000000000003,0.8142033364478429
1.0,1.75,-1.4500000000000002,-2.2578204774015163,0.5335779591806133,True,False,0.15000000000000002,1.6,0.8078204774015161
1.0,1.8,-1.5149999999999997,-2.3182528976039074,0.538406515653021,True,False,0.15000000000000002,1.65,0.8032528976039077
1.0,1.85,-1.6449999999999996,-2.3839839397681084,0.5492634279329793,True,False,0.15000000000000002,1.7000000000000002,0.7389839397681088
1.0,1.9000000000000001,-1.71,-2.4478777540021617,0.5560506754479001,True,False,0.15000000000000002,1.75,0.7378777540021617
1.0,1.9500000000000002,-1.7749999999999995,-2.513917260441341,0.5631561581552136,True,False,0.15000000000000002,1.8000000000000003,0.7389172604413417
1.0,2.0,-1.8399999999999999,-2.583412958114898,0.5695051560896176,True,True,0.15000000000000002,1.85,0.7434129581148983
1.0,2.0500000000000003,-1.9699999999999998,-2.6539048226048,0.5854050141275257,True,True,0.15000000000000002,1.9000000000000004,0.6839048226048003
1.0,2.1,-2.0349999999999997,-2.7264676562459824,0.5955026971111909,True,True,0.15000000000000002,1.9500000000000002,0.6914676562459827
1.0,2.15,-2.165,-2.8017351100649472,0.6149765771407726,True,True,0.15000000000000002,2.0,0.6367351100649472
1.0,2.2,-2.295,-2.8778556951202994,0.6385736190119535,True,True,0.15000000000000002,2.0500000000000003,0.5828556951202994
1.0,2.25,-2.36,-2.9598784934361646,0.6547673099888477,True,True,0.15000000000000002,2.1,0.5998784934361647
1.0,2.3000000000000003,-2.4899999999999998,-3.042951036019125,0.683343115814177,True,True,0.15000000000000002,2.1500000000000004,0.5529510360191252
1.0,2.35,-2.62,-3.1296545833090583,0.7158409317363854,True,True,0.15000000000000002,2.2,0.5096545833090582
1.0,2.4000000000000004,-2.75,-3.2233476637829526,0.7497480159309996,True,True,0.15000000000000002,2.2500000000000004,0.47334766378295257
1.0,2.45,-2.88,-3.325405606805803,0.784349176051914,True,True,0.15000000000000002,2.3000000000000003,0.445405606805803
1.0,2.5,-3.0749999999999997,-3.4298139247205515,0.8312263265812997,True,True,0.15000000000000002,2.35,0.35481392472055173
1.0,2.5500000000000003,-3.205,-3.5502799889104946,0.8669839387732095,True,True,0.15000000000000002,2.4000000000000004,0.3452799889104945
1.0,2.6,-3.4,-3.6738778669829526,0.9101464198897201,True,True,0.15000000000000002,2.45,0.2738778669829527
1.0,2.6500000000000004,-3.53,-3.7960240409827293,0.9117788044101692,True,True,0.15000000000000002,2.5000000000000004,0.26602404098272947
1.0,2.7,-3.725,-3.9186982474298144,0.9062592144077043,True,True,0.15000000000000002,2.5500000000000003,0.19369824742981434
1.0,2.75,-3.92,-4.049302595687388,0.8963095748625061,True,True,0.15000000000000002,2.6,0.12930259568738833
1.0,2.8000000000000003,-4.115,-4.176392365419033,0.8795088914571183,True,True,0.15000000000000002,2.6500000000000004,0.06139236541903248
1.0,2.85,-4.3100000000000005,-4.295098265142058,0.8551611221364543,True,True,0.15000000000000002,2.7,0.01490173485794255
1.0,2.9000000000000004,-4.57,-4.397996328057245,0.7789092278893317,True,True,0.15000000000000002,2.7500000000000004,0.1720036719427549
1.0,2.95,-4.765,-4.494207507987617,0.7191583269265325,True,True,0.15000000000000002,2.8000000000000003,0.270792492012383
1.0,3.0,-5.025,-4.580662171473865,0.6530698884287987,True,True,0.15000000000000002,2.85,0.4443378285261357
2.0,0.0,-0.34499999999999975,,,False,False,0.15000000000000002,-0.15000000000000002,
2.0,0.05,-0.41000000000000014,,,False,False,0.15000000000000002,-0.10000000000000002,
2.0,0.1,-0.41000000000000014,,,False,False,0.15000000000000002,-0.05000000000000002,
2.0,0.15000000000000002,-0.41000000000000014,-1.1073825097153909,0.4015169404176146,True,False,0.15000000000000002,0.0,0.6973825097153907
2.0,0.2,-0.41000000000000014,-1.1171739888028718,0.3870247961494166,True,False,0.15000000000000002,0.04999999999999999,0.7071739888028716
2.0,0.25,-0.41000000000000014,-1.1291203197855444,0.3730370911039145,True,False,0.15000000000000002,0.09999999999999998,0.7191203197855442
2.0,0.30000000000000004,-0.47499999999999964,-1.1476115298151721,0.36607121510170976,True,False,0.15000000000000002,0.15000000000000002,0.6726115298151725
2.0,0.35000000000000003,-0.47499999999999964,-1.1613643651566607,0.35348292146628174,True,False,0.15000000000000002,0.2,0.6863643651566611
2.0,0.4,-0.47499999999999964,-1.1752183124015816,0.3415207259956943,True,False,0.15000000000000002,0.25,0.7002183124015819
2.0,0.45,-0.47499999999999964,-1.1888817761394317,0.3300172404793225,True,False,0.15000000000000002,0.3,0.713881776139432
2.0,0.5,-0.54,-1.2101146596653092,0.3225608024852144,True,False,0.15000000000000002,0.35,0.6701146596653091
2.0,0.55,-0.54,-1.2225820689044928,0.31137616548469005,True,False,0.15000000000000002,0.4,0.6825820689044928
2.0,0.6000000000000001,-0.54,-1.2346203290604136,0.3003932710582161,True,False,0.15000000000000002,0.45000000000000007,0.6946203290604136
2.0,0.65,-0.54,-1.246398603405562,0.2895695657201572,True,False,0.15000000000000002,0.5,0.706398603405562
2.0,0.7000000000000001,-0.6049999999999995,-1.259585616766965,0.28278758390081427,True,False,0.15000000000000002,0.55,0.6545856167669655
2.0,0.75,-0.6049999999999995,-1.2710519873282857,0.27206579691431865,True,False,0.15000000000000002,0.6,0.6660519873282862
2.0,0.8,-0.6049999999999995,-1.2831272440896775,0.2617639991045643,True,False,0.15000000000000002,0.65,0.678127244089678
2.0,0.8500000000000001,-0.6699999999999999,-1.2958364050870532,0.2546010568097748,True,False,0.15000000000000002,0.7000000000000001,0.6258364050870533
2.0,0.9,-0.6699999999999999,-1.3097431466972829,0.24521085905547155,True,False,0.15000000000000002,0.75,0.6397431466972829
2.0,0.9500000000000001,-0.7349999999999994,-1.324080794962909,0.2385914584971396,True,False,0.15000000000000002,0.8,0.5890807949629095
2.0,1.0,-0.7349999999999994,-1.3413381945958585,0.23077230497603227,True,False,0.15000000000000002,0.85,0.606338194595859
2.0,1.05,-0.7999999999999998,-1.3632321216693533,0.22431066318824547,True,False,0.15000000000000002,0.9,0.5632321216693534
2.0,1.1,-0.7999999999999998,-1.3852223188717179,0.21850066242619856,True,False,0.15000000000000002,0.9500000000000001,0.585222318871718
2.0,1.1500000000000001,-0.8650000000000002,-1.4075917749401983,0.21529955628747977,True,False,0.15000000000000002,1.0,0.5425917749401981
2.0,1.2000000000000002,-0.8650000000000002,-1.435183548268784,0.21171057823387882,True,False,0.15000000000000002,1.0500000000000003,0.5701835482687838
2.0,1.25,-0.9299999999999997,-1.4631819857989024,0.21059702742348754,True,False,0.15000000000000002,1.1,0.5331819857989026
2.0,1.3,-0.9950000000000001,-1.493944263186295,0.21045015182982668,True,False,0.15000000000000002,1.15,0.4989442631862948
2.0,1.35,-0.9950000000000001,-1.5304892190967323,0.209687780184216,True,False,0.15000000000000002,1.2000000000000002,0.5354892190967322
2.0,1.4000000000000001,-1.0599999999999996,-1.5666841208644282,0.21108085971784085,True,False,0.15000000000000002,1.25,0.5066841208644286
2.0,1.4500000000000002,-1.125,-1.6090194253785506,0.21184772013796552,True,False,0.15000000000000002,1.3000000000000003,0.4840194253785506
2.0,1.5,-1.1899999999999995,-1.6492719995172869,0.2139079252066022,True,False,0.15000000000000002,1.35,0.45927199951728737
2.0,1.55,-1.1899999999999995,-1.6951087638041038,0.21450085550297388,True,False,0.15000000000000002,1.4,0.5051087638041043
2.0,1.6,-1.255,-1.7385552169106628,0.2167869418012095,True,False,0.15000000000000002,1.4500000000000002,0.48355521691066294
2.0,1.6500000000000001,-1.3200000000000003,-1.786803095587664,0.21825830844556754,True,False,0.15000000000000002,1.5,0.46680309558766364
2.0,1.7000000000000002,-1.3849999999999998,-1.8327074898335192,0.22105108739116053,True,False,0.15000000000000002,1.5500000000000003,0.4477074898335194
2.0,1.75,-1.4500000000000002,-1.8802238343548736,0.22431982327883884,True,False,0.15000000000000002,1.6,0.43022383435487344
2.0,1.8,-1.5149999999999997,-1.929670722866021,0.22837758665035823,True,False,0.15000000000000002,1.65,0.41467072286602136
2.0,1.85,-1.6449999999999996,-1.978589697190308,0.2346807202160794,True,False,0.15000000000000002,1.7000000000000002,0.3335896971903085
2.0,1.9000000000000001,-1.71,-2.032518891781653,0.24076143550552123,True,False,0.15000000000000002,1.75,0.32251889178165305
2.0,1.9500000000000002,-1.7749999999999995,-2.0894337110132266,0.24782344861131442,True,False,0.15000000000000002,1.8000000000000003,0.31443371101322715
2.0,2.0,-1.8399999999999999,-2.151618160199495,0.25523662283028126,True,True,0.15000000000000002,1.85,0.3116181601994952
2.0,2.0500000000000003,-1.9699999999999998,-2.207613448643494,0.2672883794251863,True,True,0.15000000000000002,1.9000000000000004,0.23761344864349443
2.0,2.1,-2.0349999999999997,-2.2748346540104083,0.2773519311279618,True,True,0.15000000000000002,1.9500000000000002,0.2398346540104086
2.0,2.15,-2.165,-2.338882761996927,0.29149667328975576,True,True,0.15000000000000002,2.0,0.17388276199692676
2.0,2.2,-2.295,-2.403732571538854,0.3084164360255449,True,True,0.15000000000000002,2.0500000000000003,0.10873257153885385
2.0,2.25,-2.36,-2.4825134163481746,0.322882408666006,True,True,0.15000000000000002,2.1,0.1225134163481747
2.0,2.3000000000000003,-2.4899999999999998,-2.5540062470022007,0.3447818128284511,True,True,0.15000000000000002,2.1500000000000004,0.06400624700220092
2.0,2.35,-2.62,-2.627933609457516,0.37071876070369564,True,True,0.15000000000000002,2.2,0.007933609457515978
2.0,2.4000000000000004,-2.75,-2.708209452818171,0.39957536486117606,True,True,0.15000000000000002,2.2500000000000004,0.04179054718182895
2.0,2.45,-2.88,-2.7956424071690993,0.4314799268179665,True,True,0.15000000000000002,2.3000000000000003,0.08435759283090061
2.0,2.5,-3.0749999999999997,-2.8802764971335977,0.47300043603243525,True,True,0.15000000000000002,2.35,0.19472350286640205
2.0,2.5500000000000003,-3.205,-2.9870663885070003,0.5094606640959343,True,True,0.15000000000000002,2.4000000000000004,0.21793361149299972
2.0,2.6,-3.4,-3.1030001268890994,0.5466047263939517,True,True,0.15000000000000002,2.45,0.2969998731109005
2.0,2.6500000000000004,-3.53,-3.252859154343306,0.5676915833706297,True,True,0.15000000000000002,2.5000000000000004,0.2771408456566937
2.0,2.7,-3.725,-3.422889906200345,0.5765208009728933,True,True,0.15000000000000002,2.5500000000000003,0.30211009379965503
2.0,2.75,-3.92,-3.6042904083404017,0.5841269114205322,True,True,0.15000000000000002,2.6,0.3157095916595982
2.0,2.8000000000000003,-4.115,-3.79966114142254,0.587823213561178,True,True,0.15000000000000002,2.6500000000000004,0.31533885857746036
2.0,2.85,-4.3100000000000005,-4.004194259600867,0.5896071115920443,True,True,0.15000000000000002,2.7,0.30580574039913344
2.0,2.9000000000000004,-4.57,-4.213563767312517,0.5846951149627868,True,True,0.15000000000000002,2.7500000000000004,0.35643623268748303
2.0,2.95,-4.765,-4.416766640384714,0.5730235540226788,True,True,0.15000000000000002,2.8000000000000003,0.34823335961528556
2.0,3.0,-5.025,-4.580010004608828,0.5379880831515182,True,True,0.15000000000000002,2.85,0.4449899953911727
5.0,0.0,-0.34499999999999975,,,False,False,0.15000000000000002,-0.15000000000000002,
5.0,0.05,-0.41000000000000014,,,False,False,0.15000000000000002,-0.10000000000000002,
5.0,0.1,-0.41000000000000014,,,False,False,0.15000000000000002,-0.05000000000000002,
5.0,0.15000000000000002,-0.41000000000000014,-0.26454247474673986,0.17451224265358575,True,False,0.15000000000000002,0.0,0.14545752525326028
5.0,0.2,-0.41000000000000014,-0.328882347481208,0.180646854136695,True,False,0.15000000000000002,0.04999999999999999,0.08111765251879216
5.0,0.25,-0.41000000000000014,-0.3904150395931627,0.1789927947574344,True,False,0.15000000000000002,0.09999999999999998,0.019584960406837437
5.0,0.30000000000000004,-0.47499999999999964,-0.44462569059918133,0.16867100456076087,True,False,0.15000000000000002,0.15000000000000002,0.03037430940081831
5.0,0.35000000000000003,-0.47499999999999964,-0.4997763584781455,0.15906295717954838,True,False,0.15000000000000002,0.2,0.024776358478145855
5.0,0.4,-0.47499999999999964,-0.5503332115844577,0.14953031019671092,True,False,0.15000000000000002,0.25,0.07533321158445805
5.0,0.45,-0.47499999999999964,-0.5960150588905445,0.14231667833871103,True,False,0.15000000000000002,0.3,0.12101505889054487
5.0,0.5,-0.54,-0.6385848571492396,0.13846004166721226,True,False,0.15000000000000002,0.35,0.09858485714923959
5.0,0.55,-0.54,-0.6755731392074432,0.13807493384466069,True,False,0.15000000000000002,0.4,0.13557313920744318
5.0,0.6000000000000001,-0.54,-0.7083090875927094,0.1379224868489263,True,False,0.15000000000000002,0.45000000000000007,0.16830908759270935
5.0,0.65,-0.54,-0.737434228680767,0.1364411454253481,True,False,0.15000000000000002,0.5,0.197434228680767
5.0,0.7000000000000001,-0.6049999999999995,-0.7651345941693692,0.13669024345018527,True,False,0.15000000000000002,0.55,0.1601345941693697
5.0,0.75,-0.6049999999999995,-0.7896427212505835,0.13292241214802178,True,False,0.15000000000000002,0.6,0.184642721250584
5.0,0.8,-0.6049999999999995,-0.8130785106128544,0.128713529120672,True,False,0.15000000000000002,0.65,0.20807851061285487
5.0,0.8500000000000001,-0.6699999999999999,-0.8359420592045327,0.12549291325053344,True,False,0.15000000000000002,0.7000000000000001,0.16594205920453275
5.0,0.9,-0.6699999999999999,-0.8579228444624253,0.12007930330418812,True,False,0.15000000000000002,0.75,0.18792284446242535
5.0,0.9500000000000001,-0.7349999999999994,-0.8793685176614456,0.11541445729363431,True,False,0.15000000000000002,0.8,0.1443685176614462
5.0,1.0,-0.7349999999999994,-0.9023039819417467,0.11020991648948907,True,False,0.15000000000000002,0.85,0.16730398194174723
5.0,1.05,-0.7999999999999998,-0.9269080538154684,0.10555567221646671,True,False,0.15000000000000002,0.9,0.12690805381546855
5.0,1.1,-0.7999999999999998,-0.9527716573096651,0.10186971679663077,True,False,0.15000000000000002,0.9500000000000001,0.15277165730966524
5.0,1.1500000000000001,-0.8650000000000002,-0.9794626060788304,0.09944721656431806,True,False,0.15000000000000002,1.0,0.11446260607883019
5.0,1.2000000000000002,-0.8650000000000002,-1.009976353698928,0.09753126859573896,True,False,0.15000000000000002,1.0500000000000003,0.1449763536989277
5.0,1.25,-0.9299999999999997,-1.0411423550485694,0.0967698658511656,True,False,0.15000000000000002,1.1,0.11114235504856973
5.0,1.3,-0.9950000000000001,-1.0747213606510337,0.09654914599441129,True,False,0.15000000000000002,1.15,0.07972136065103363
5.0,1.35,-0.9950000000000001,-1.1130180754134456,0.09674918969026707,True,False,0.15000000000000002,1.2000000000000002,0.11801807541344544
5.0,1.4000000000000001,-1.0599999999999996,-1.1525903805979338,0.09820410047471467,True,False,0.15000000000000002,1.25,0.09259038059793423
5.0,1.4500000000000002,-1.125,-1.1971454744267762,0.09985759819033078,True,False,0.15000000000000002,1.3000000000000003,0.07214547442677621
5.0,1.5,-1.1899999999999995,-1.2425282316453505,0.10251602203778648,True,False,0.15000000000000002,1.35,0.05252823164535103
5.0,1.55,-1.1899999999999995,-1.2931839343999254,0.10468827874767953,True,False,0.15000000000000002,1.4,0.1031839343999259
5.0,1.6,-1.255,-1.3428077897072366,0.1078574972052827,True,False,0.15000000000000002,1.4500000000000002,0.08780778970723668
5.0,1.6500000000000001,-1.3200000000000003,-1.3943595546073269,0.11114048036348463,True,False,0.15000000000000002,1.5,0.07435955460732657
5.0,1.7000000000000002,-1.3849999999999998,-1.4467097001272524,0.1150544601732343,True,False,0.15000000000000002,1.5500000000000003,0.06170970012725263
5.0,1.75,-1.4500000000000002,-1.5042115584522135,0.11868330861106773,True,False,0.15000000000000002,1.6,0.05421155845221337
5.0,1.8,-1.5149999999999997,-1.565757843499579,0.12188059911537805,True,False,0.15000000000000002,1.65,0.050757843499579236
5.0,1.85,-1.6449999999999996,-1.6249304035941796,0.12657520205363226,True,False,0.15000000000000002,1.7000000000000002,0.020069596405819956
5.0,1.9000000000000001,-1.71,-1.6853183428663616,0.13219107856538864,True,False,0.15000000000000002,1.75,0.024681657133638346
5.0,1.9500000000000002,-1.7749999999999995,-1.7481946563912378,0.13930543318134003,True,False,0.15000000000000002,1.8000000000000003,0.026805343608761634
5.0,2.0,-1.8399999999999999,-1.8146469071074318,0.14822293318912955,True,True,0.15000000000000002,1.85,0.02535309289256804
5.0,2.0500000000000003,-1.9699999999999998,-1.8737694756659562,0.16298968220913287,True,True,0.15000000000000002,1.9000000000000004,0.09623052433404355
5.0,2.1,-2.0349999999999997,-1.9377193130651735,0.17890019272698146,True,True,0.15000000000000002,1.9500000000000002,0.09728068693482617
5.0,2.15,-2.165,-1.9934179069633613,0.20182581194241397,True,True,0.15000000000000002,2.0,0.17158209303663874
5.0,2.2,-2.295,-2.047613189614488,0.2305968412133305,True,True,0.15000000000000002,2.0500000000000003,0.24738681038551213
5.0,2.25,-2.36,-2.1118610584933757,0.26048060238104204,True,True,0.15000000000000002,2.1,0.2481389415066242
5.0,2.3000000000000003,-2.4899999999999998,-2.1520100151346493,0.3035244085178862,True,True,0.15000000000000002,2.1500000000000004,0.3379899848653505
5.0,2.35,-2.62,-2.1814000823180195,0.3520875072927772,True,True,0.15000000000000002,2.2,0.4385999176819806
5.0,2.4000000000000004,-2.75,-2.223599802407043,0.39430569269599486,True,True,0.15000000000000002,2.2500000000000004,0.5264001975929569
5.0,2.45,-2.88,-2.2880539629859675,0.4230285906964044,True,True,0.15000000000000002,2.3000000000000003,0.5919460370140324
5.0,2.5,-3.0749999999999997,-2.349183514751262,0.45624877609003694,True,True,0.15000000000000002,2.35,0.7258164852487377
5.0,2.5500000000000003,-3.205,-2.461092433676585,0.47588305272214515,True,True,0.15000000000000002,2.4000000000000004,0.7439075663234149
5.0,2.6,-3.4,-2.5914959660823516,0.48921723155174496,True,True,0.15000000000000002,2.45,0.8085040339176484
5.0,2.6500000000000004,-3.53,-2.739468714008921,0.504234412682741,True,True,0.15000000000000002,2.5000000000000004,0.7905312859910789
5.0,2.7,-3.725,-2.901502426176933,0.5220254305955438,True,True,0.15000000000000002,2.5500000000000003,0.823497573823067
5.0,2.75,-3.92,-3.0960754397155488,0.5186772165196362,True,True,0.15000000000000002,2.6,0.8239245602844512
5.0,2.8000000000000003,-4.115,-3.253775394250947,0.5371720292413503,True,True,0.15000000000000002,2.6500000000000004,0.8612246057490531
5.0,2.85,-4.3100000000000005,-3.4391980919921736,0.5644082579295991,True,True,0.15000000000000002,2.7,0.8708019080078269
5.0,2.9000000000000004,-4.57,-3.713127774987929,0.546301507680196,True,True,0.15000000000000002,2.7500000000000004,0.8568722250120713
5.0,2.95,-4.765,-3.981179940878707,0.5132922315940924,True,True,0.15000000000000002,2.8000000000000003,0.7838200591212927
5.0,3.0,-5.025,-4.122177167902538,0.5095554510351683,True,True,0.15000000000000002,2.85,0.9028228320974625
10.0,0.0,-0.34499999999999975,,,False,False,0.6000000000000001,-0.6000000000000001,
10.0,0.05,-0.41000000000000014,,,False,False,0.6000000000000001,-0.55,
10.0,0.1,-0.41000000000000014,,,False,False,0.6000000000000001,-0.5000000000000001,
10.0,0.15000000000000002,-0.41000000000000014,,,False,False,0.6000000000000001,-0.45000000000000007,
10.0,0.2,-0.41000000000000014,,,False,False,0.6000000000000001,-0.4000000000000001,
10.0,0.25,-0.41000000000000014,,,False,False,0.6000000000000001,-0.3500000000000001,
10.0,0.30000000000000004,-0.47499999999999964,,,False,False,0.6000000000000001,-0.30000000000000004,
10.0,0.35000000000000003,-0.47499999999999964,,,False,False,0.6000000000000001,-0.25000000000000006,
10.0,0.4,-0.47499999999999964,,,False,False,0.6000000000000001,-0.20000000000000007,
10.0,0.45,-0.47499999999999964,,,False,False,0.6000000000000001,-0.15000000000000008,
10.0,0.5,-0.54,,,False,False,0.6000000000000001,-0.10000000000000009,
10.0,0.55,-0.54,,,False,False,0.6000000000000001,-0.050000000000000044,
10.0,0.6000000000000001,-0.54,-0.4365410469382144,0.05079447355375431,True,False,0.6000000000000001,0.0,0.10345895306178565
10.0,0.65,-0.54,-0.4903619520419567,0.044244628562671126,True,False,0.6000000000000001,0.04999999999999993,0.04963804795804333
10.0,0.7000000000000001,-0.6049999999999995,-0.5311628361012928,0.04981145217676824,True,False,0.6000000000000001,0.09999999999999998,0.07383716389870676
10.0,0.75,-0.6049999999999995,-0.5573394350526375,0.061129773635942505,True,False,0.6000000000000001,0.1499999999999999,0.04766056494736204
10.0,0.8,-0.6049999999999995,-0.5862771186891228,0.06712678696818855,True,False,0.6000000000000001,0.19999999999999996,0.018722881310876738
10.0,0.8500000000000001,-0.6699999999999999,-0.6208453592326999,0.0676241701967875,True,False,0.6000000000000001,0.25,0.04915464076730003
10.0,0.9,-0.6699999999999999,-0.6514046336090602,0.07135003993960376,True,False,0.6000000000000001,0.29999999999999993,0.018595366390939727
10.0,0.9500000000000001,-0.7349999999999994,-0.6773899937285341,0.0780132415842323,True,False,0.6000000000000001,0.35,0.057610006271465286
10.0,1.0,-0.7349999999999994,-0.7049521242472953,0.0824268581091196,True,False,0.6000000000000001,0.3999999999999999,0.03004787575270418
10.0,1.05,-0.7999999999999998,-0.7410882699685964,0.08466547823163298,True,False,0.6000000000000001,0.44999999999999996,0.058911730031403375
10.0,1.1,-0.7999999999999998,-0.7755819868319775,0.0888982757264017,True,False,0.6000000000000001,0.5,0.02441801316802228
10.0,1.1500000000000001,-0.8650000000000002,-0.8114676356454,0.10213407168643074,True,False,0.6000000000000001,0.55,0.05353236435460018
10.0,1.2000000000000002,-0.8650000000000002,-0.8620944069013899,0.12890388620261375,True,False,0.6000000000000001,0.6000000000000001,0.0029055930986102707
10.0,1.25,-0.9299999999999997,-0.9158822770993494,0.14732223702671798,True,False,0.6000000000000001,0.6499999999999999,0.014117722900650276
10.0,1.3,-0.9950000000000001,-0.966177840983538,0.14678991098356742,True,False,0.6000000000000001,0.7,0.028822159016462123
10.0,1.35,-0.9950000000000001,-1.0135590087159982,0.13659020720517373,True,False,0.6000000000000001,0.75,0.018559008715998138
10.0,1.4000000000000001,-1.0599999999999996,-1.0484687283287535,0.12531504950089925,True,False,0.6000000000000001,0.8,0.011531271671246124
10.0,1.4500000000000002,-1.125,-1.0848317448314457,0.11690166510660577,True,False,0.6000000000000001,0.8500000000000001,0.04016825516855427
10.0,1.5,-1.1899999999999995,-1.1229225941858005,0.11455286049795646,True,False,0.6000000000000001,0.8999999999999999,0.06707740581419896
10.0,1.55,-1.1899999999999995,-1.1689818831358132,0.11359754225848767,True,False,0.6000000000000001,0.95,0.02101811686418631
10.0,1.6,-1.255,-1.210682490765162,0.11534719929273961,True,False,0.6000000000000001,1.0,0.04431750923483779
10.0,1.6500000000000001,-1.3200000000000003,-1.2482529529678623,0.12104872149830527,True,False,0.6000000000000001,1.05,0.07174704703213797
10.0,1.7000000000000002,-1.3849999999999998,-1.278882926292105,0.1288296595637559,True,False,0.6000000000000001,1.1,0.1061170737078947
10.0,1.75,-1.4500000000000002,-1.3156674000815594,0.13411986296428555,True,False,0.6000000000000001,1.15,0.13433259991844082
10.0,1.8,-1.5149999999999997,-1.3576713348601293,0.1414735695225405,True,False,0.6000000000000001,1.2,0.15732866513987043
10.0,1.85,-1.6449999999999996,-1.3973271197811385,0.15276057946271981,True,False,0.6000000000000001,1.25,0.24767288021886102
10.0,1.9000000000000001,-1.71,-1.4551395846615072,0.15696972033055306,True,False,0.6000000000000001,1.3,0.2548604153384928
10.0,1.9500000000000002,-1.7749999999999995,-1.5287913848947214,0.1557576289465854,True,False,0.6000000000000001,1.35,0.24620861510527803
10.0,2.0,-1.8399999999999999,-1.6091344922389024,0.15609054738481543,True,True,0.6000000000000001,1.4,0.2308655077610975
10.0,2.0500000000000003,-1.9699999999999998,-1.6914443768977692,0.15479901639406515,True,True,0.6000000000000001,1.4500000000000002,0.2785556231022306
10.0,2.1,-2.0349999999999997,-1.7727579697487397,0.15836861849241282,True,True,0.6000000000000001,1.5,0.26224203025126
10.0,2.15,-2.165,-1.8583950233129518,0.16337811982430905,True,True,0.6000000000000001,1.5499999999999998,0.3066049766870482
10.0,2.2,-2.295,-1.9485121263092544,0.16805233198382014,True,True,0.6000000000000001,1.6,0.3464878736907455
10.0,2.25,-2.36,-2.0443276213641495,0.1771439326664557,True,True,0.6000000000000001,1.65,0.3156723786358504
10.0,2.3000000000000003,-2.4899999999999998,-2.1474321503918823,0.18826298232161107,True,True,0.6000000000000001,1.7000000000000002,0.3425678496081175
10.0,2.35,-2.62,-2.2677270407043784,0.19462106930198947,True,True,0.6000000000000001,1.75,0.35227295929562175
10.0,2.4000000000000004,-2.75,-2.398039941386775,0.19315389424564858,True,True,0.6000000000000001,1.8000000000000003,0.351960058613225
10.0,2.45,-2.88,-2.5285182579003393,0.19385141856454713,True,True,0.6000000000000001,1.85,0.35148174209966054
10.0,2.5,-3.0749999999999997,-2.6659081503410773,0.20105821498139556,True,True,0.6000000000000001,1.9,0.4090918496589224
10.0,2.5500000000000003,-3.205,-2.820585906613262,0.20037060072601473,True,True,0.6000000000000001,1.9500000000000002,0.38441409338673793
10.0,2.6,-3.4,-2.98272193551919,0.1993653989668161,True,True,0.6000000000000001,2.0,0.41727806448081006
10.0,2.6500000000000004,-3.53,-3.153666920408236,0.20258916112761496,True,True,0.6000000000000001,2.0500000000000003,0.37633307959176365
10.0,2.7,-3.725,-3.3344827080904866,0.20316744782547477,True,True,0.6000000000000001,2.1,0.39051729190951345
10.0,2.75,-3.92,-3.5178082822342533,0.2040800944300722,True,True,0.6000000000000001,2.15,0.4021917177657466
10.0,2.8000000000000003,-4.115,-3.7084362112167946,0.21687602241547405,True,True,0.6000000000000001,2.2,0.40656378878320565
10.0,2.85,-4.3100000000000005,-3.9230984270299136,0.2246240335956147,True,True,0.6000000000000001,2.25,0.38690157297008687
10.0,2.9000000000000004,-4.57,-4.14299378589043,0.21737798855090756,True,True,0.6000000000000001,2.3000000000000003,0.4270062141095705
10.0,2.95,-4.765,-4.357334976886026,0.21986310257361852,True,True,0.6000000000000001,2.35,0.40766502311397357
10.0,3.0,-5.025,-4.528870105267927,0.20178117871926116,True,True,0.6000000000000001,2.4,0.49612989473207314
